Watch DbeAb8CcdfeFC2c;https://fakevideo.com/watch?v=DbeAb8CcdfeFC2c;653568;32921;23
Watch 88F7B33d2bcf9f5;https://fakevideo.com/watch?v=88F7B33d2bcf9f5;664320;43580;1234
Watch DbeAb8CcdfeFC2c;https://fakevideo.com/watch?v=DbeAb8CcdfeFC2c;653568;32921;24
Like 1bA7A3dc874da3c
Dislike 8e4FB470FE19bF0
Like baDcC4DeefD8dEB
Delete 8e4FB470FE19bF0
Delete bE9EEf34cB72AF7
Delete 2EFC6A4e77FaEaC
Delete f90cD3E76f1A9b9
Delete A31Bee3c201ef58
Delete 1bA7A3dc874da3c
Delete DbeAb8CcdfeFC2c
Delete 88F7B33d2bcf9f5