Video_ID;Video_URL;Views;Likes;Dislikes
88F7B33d2bcf9f5;https://StreamSphere.com/watch?v=88F7B33d2bcf9f5;664320;43580;1234
f90cD3E76f1A9b9;https://StreamSphere.com/watch?v=f90cD3E76f1A9b9;749879;46935;3456
DbeAb8CcdfeFC2c;https://StreamSphere.com/watch?v=DbeAb8CcdfeFC2c;653568;32921;23
A31Bee3c201ef58;https://StreamSphere.com/watch?v=A31Bee3c201ef58;861413;27121;21
1bA7A3dc874da3c;https://StreamSphere.com/watch?v=1bA7A3dc874da3c;860201;11137;784
bfDD7CDEF5D865B;https://StreamSphere.com/watch?v=bfDD7CDEF5D865B;787966;7603;647
bE9EEf34cB72AF7;https://StreamSphere.com/watch?v=bE9EEf34cB72AF7;2317;21657;76437
2EFC6A4e77FaEaC;https://StreamSphere.com/watch?v=2EFC6A4e77FaEaC;650908;43194;422
baDcC4DeefD8dEB;https://StreamSphere.com/watch?v=baDcC4DeefD8dEB;152937;17005;8993
8e4FB470FE19bF0;https://StreamSphere.com/watch?v=8e4FB470FE19bF0;570487;6369;249
